"species","lon","lat"
"Vulpes bengalensis",78.170694,26.778584
"Vulpes bengalensis",77.323235,13.740052
"Vulpes bengalensis",85.45174,20.202244
"Vulpes bengalensis",73.808822,17.721139
"Vulpes bengalensis",88.780658,26.334544
"Vulpes bengalensis",71.287421,23.461821
"Vulpes bengalensis",76.630441,12.310395
"Vulpes bengalensis",72.05719,22.820948
"Vulpes bengalensis",75.798646,14.354177
"Vulpes bengalensis",75.382024,28.635344
"Vulpes bengalensis",81.848737,28.131721
"Vulpes bengalensis",81.919018,28.067423
"Vulpes bengalensis",81.958278,28.044534
"Vulpes bengalensis",82.107044,28.009116
"Vulpes bengalensis",81.826711,28.161977
"Vulpes bengalensis",81.688617,28.204824
"Vulpes bengalensis",82.716667,20.433333
"Vulpes bengalensis",77.96667,27.08333
"Vulpes bengalensis",73.16667,24.98333
"Vulpes bengalensis",77.75,22.61667
"Vulpes bengalensis",85.333333,19.766667
"Vulpes bengalensis",77.46288,12.34628
"Vulpes bengalensis",81.538643,28.40174
"Vulpes bengalensis",81.380996,28.587406
"Vulpes bengalensis",81.264404,28.536965
"Vulpes bengalensis",81.442328,28.43607
"Vulpes bengalensis",81.339273,28.439727
"Vulpes bengalensis",81.668476,28.40851
"Vulpes bengalensis",81.328521,28.553088
"Vulpes bengalensis",81.563854,28.412326
"Vulpes bengalensis",81.541445,28.287232
"Vulpes bengalensis",81.405576,28.487098
"Vulpes bengalensis",80.28892,28.778998
"Vulpes bengalensis",80.262394,28.887852
"Vulpes bengalensis",80.144683,28.826955
"Vulpes bengalensis",80.12409,28.882694
"Vulpes bengalensis",80.194299,28.843241
"Vulpes bengalensis",84.4525,27.5341
"Vulpes bengalensis",84.601906,27.379861
"Vulpes bengalensis",84.886036,27.243345
"Vulpes bengalensis",84.682489,27.378467
"Vulpes bengalensis",84.829373,27.391795
"Vulpes bengalensis",84.918968,27.271611
"Vulpes bengalensis",84.818927,27.333718
"Vulpes bengalensis",84.938665,27.350809
"Vulpes bengalensis",83.950751,27.508399
"Vulpes bengalensis",84.356894,27.495561
"Vulpes bengalensis",84.189408,27.628311
"Vulpes bengalensis",84.359264,27.564194
"Vulpes bengalensis",84.187705,27.512728
"Vulpes bengalensis",83.920204,27.53311
"Vulpes bengalensis",86.989263,26.653909
"Vulpes bengalensis",86.938849,26.57854
"Vulpes bengalensis",87.025323,26.630736
"Vulpes bengalensis",85.099999,27.06667
"Vulpes bengalensis",78.01667,27.183331
"Vulpes bengalensis",79.800003,29.633329
"Vulpes bengalensis",84.066673,24.033331
"Vulpes bengalensis",80.599999,28.683332
"Vulpes bengalensis",71.339722,23.395203
"Vulpes bengalensis",80.93333,22.0256
"Vulpes bengalensis",80.98015,22.2
"Vulpes bengalensis",71.210117,23.144368
"Vulpes bengalensis",75.316408,19.931457
"Vulpes bengalensis",74.030183,18.346313
"Vulpes bengalensis",74.162667,18.42896
"Vulpes bengalensis",88.278078,21.597013
"Vulpes bengalensis",71.271317,22.656903
"Vulpes bengalensis",74.657251,18.212816
"Vulpes bengalensis",74.773888,18.108783
"Vulpes bengalensis",74.086587,18.345359
"Vulpes bengalensis",73.156555,25.167339
"Vulpes bengalensis",70.145581,24.045429
"Vulpes bengalensis",74.754257,18.298948
"Vulpes bengalensis",76.405365,26.042549
"Vulpes bengalensis",69.502289,23.707723
"Vulpes bengalensis",71.191492,22.292177
"Vulpes bengalensis",71.526323,23.256076
"Vulpes bengalensis",68.73701,23.18368
"Vulpes bengalensis",70.685078,21.288403
"Vulpes bengalensis",80.132424,24.730679
"Vulpes bengalensis",86.4027,24.837787
"Vulpes bengalensis",77.750046,13.825841
"Vulpes bengalensis",70.525846,26.792531
"Vulpes bengalensis",72.159384,26.219909
"Vulpes bengalensis",69.666932,23.242
"Vulpes bengalensis",74.161219,18.2781
"Vulpes bengalensis",73.856744,18.52043
"Vulpes bengalensis",75.83282,26.855045
"Vulpes bengalensis",69.214835,23.595966
"Vulpes bengalensis",69.356229,23.59155
"Vulpes bengalensis",77.400002,16.240326
"Vulpes bengalensis",70.079663,24.122046
"Vulpes bengalensis",82.654132,18.421007
"Vulpes bengalensis",69.312948,23.745298
"Vulpes bengalensis",77.545708,14.185464
"Vulpes bengalensis",71.670717,23.393296
"Vulpes bengalensis",79.051916,12.22686
"Vulpes bengalensis",70.794441,21.084285
"Vulpes bengalensis",81.024219,23.722454
"Vulpes bengalensis",76.530136,15.267393
"Vulpes bengalensis",78.365098,15.738977
"Vulpes bengalensis",71.606252,23.349921
"Vulpes bengalensis",80.746871,21.193957
"Vulpes bengalensis",70.405875,21.343467
"Vulpes bengalensis",74.367545,18.351542
"Vulpes bengalensis",80.071652,23.179526
"Vulpes bengalensis",80.951686,23.608092
"Vulpes bengalensis",82.043187,19.051865
"Vulpes bengalensis",69.208805,23.548104
"Vulpes bengalensis",78.334671,15.748049
"Vulpes bengalensis",71.978968,22.911417
"Vulpes bengalensis",73.827203,17.592766
"Vulpes bengalensis",73.829781,17.42319
"Vulpes bengalensis",74.608337,18.179848
"Vulpes bengalensis",73.376626,27.965977
"Vulpes bengalensis",71.101755,23.229174
"Vulpes bengalensis",69.949227,23.810322
"Vulpes bengalensis",77.732781,8.481246
"Vulpes bengalensis",74.819347,18.158575
"Vulpes bengalensis",82.057867,22.059723
"Vulpes bengalensis",74.433768,27.797156
"Vulpes bengalensis",71.762162,23.139197
"Vulpes bengalensis",70.734845,26.602863
"Vulpes bengalensis",71.8282,21.449238
"Vulpes bengalensis",79.93388,23.168534
"Vulpes bengalensis",74.74267,18.29971
"Vulpes bengalensis",74.573194,18.303481
"Vulpes bengalensis",70.429163,23.914799
"Vulpes bengalensis",70.663219,26.759043
"Vulpes bengalensis",81.874001,21.41192
"Vulpes bengalensis",79.941652,24.590466
"Vulpes bengalensis",71.245844,22.671904
"Vulpes bengalensis",70.578919,26.804462
"Vulpes bengalensis",70.808568,26.910123
"Vulpes bengalensis",69.315424,23.575905
"Vulpes bengalensis",69.867853,23.421022
"Vulpes bengalensis",76.502574,26.017327
"Vulpes bengalensis",82.043438,22.059715
"Vulpes bengalensis",71.78187,23.25346
"Vulpes bengalensis",71.995596,22.783325
"Vulpes bengalensis",77.588528,12.84207
"Vulpes bengalensis",74.434976,19.093633
"Vulpes bengalensis",74.141613,18.087682
"Vulpes bengalensis",69.079086,23.442392
"Vulpes bengalensis",71.684048,23.301273
"Vulpes bengalensis",76.616648,26.13526
"Vulpes bengalensis",69.326741,23.291944
"Vulpes bengalensis",80.439153,22.368014
"Vulpes bengalensis",77.746884,8.558848
"Vulpes bengalensis",69.091062,22.317333
"Vulpes bengalensis",71.220356,21.601524
"Vulpes bengalensis",76.488013,12.370439
"Vulpes bengalensis",70.645416,26.726044
"Vulpes bengalensis",73.483839,27.994519
"Vulpes bengalensis",74.128323,18.397895
"Vulpes bengalensis",72.016445,22.048009
"Vulpes bengalensis",76.62683,12.046656
"Vulpes bengalensis",69.260146,23.246054
"Vulpes bengalensis",71.78952,22.704
"Vulpes bengalensis",86.361641,23.332203
"Vulpes bengalensis",72.033673,22.054042
"Vulpes bengalensis",76.885067,27.656142
"Vulpes bengalensis",81.160472,22.070336
"Vulpes bengalensis",81.183381,26.926804
"Vulpes bengalensis",81.298069,24.540779
"Vulpes bengalensis",74.855309,18.143957
"Vulpes bengalensis",76.410269,25.855365
"Vulpes bengalensis",81.790084,21.293099
"Vulpes bengalensis",70.722653,22.398841
"Vulpes bengalensis",78.15282,22.619861
"Vulpes bengalensis",74.056997,18.21548
"Vulpes bengalensis",69.304296,23.45464
"Vulpes bengalensis",87.135235,26.78549
"Vulpes bengalensis",85.439689,20.195111
"Vulpes bengalensis",68.5,26.05
"Vulpes bengalensis",72.057724,22.045486
"Vulpes bengalensis",87.091606,26.740705
"Vulpes chama",24.752527,-28.55362
"Vulpes chama",25.533333,-24.416667
"Vulpes chama",21.81103,-27.00389
"Vulpes chama",23.25,-22.549999
"Vulpes chama",16.06666,-25.38333
"Vulpes chama",16.2,-25.31667
"Vulpes chama",15.93333,-25.3
"Vulpes chama",25.866699,-30.233299
"Vulpes chama",18.6833,-34.083302
"Vulpes chama",18.471886,-34.358088
"Vulpes chama",12.375,-14.875
"Vulpes chama",12.375,-16.375
"Vulpes chama",12.625,-15.125
"Vulpes chama",12.875,-15.625
"Vulpes chama",12.625,-15.625
"Vulpes chama",12.625,-14.875
"Vulpes chama",12.375,-16.875
"Vulpes chama",12.20117,-15.125
"Vulpes chama",12.14531,-15.37837
"Vulpes chama",12.875,-15.875
"Vulpes chama",12.875,-16.125
"Vulpes chama",12.625,-14.625
"Vulpes chama",12.375,-16.125
"Vulpes chama",27,-25
"Vulpes chama",16,-23
"Vulpes chama",15.63333,-22.75
"Vulpes chama",22.937506,-30.559482
"Vulpes chama",18.33346,-32.10036
"Vulpes chama",18.90107,-32.20053
"Vulpes chama",15.23278,-26.70408
"Vulpes chama",17.474506,-23.932426
"Vulpes chama",20.43413,-25.060837
"Vulpes chama",15.967154,-19.299332
"Vulpes chama",16.470434,-19.04001
"Vulpes chama",20.604687,-26.407862
"Vulpes chama",20.590696,-25.412113
"Vulpes chama",18.389988,-23.237738
"Vulpes chama",20.612453,-26.467808
"Vulpes chama",19.43,-22.66
"Vulpes chama",25.28,-30.5
"Vulpes chama",20.87,-25.92
"Vulpes chama",27.27,-21.88
"Vulpes chama",22.63,-20.72
"Vulpes chama",22.85,-23.75
"Vulpes chama",22.65,-23.73
"Vulpes chama",23.77,-29.2
"Vulpes chama",17.52,-30.37
"Vulpes chama",27.17,-22
"Vulpes chama",18.950132,-34.109666
"Vulpes chama",23.121643,-33.584673
"Vulpes chama",15.914551,-19.159412
"Vulpes chama",21.7331,-34.1798
"Vulpes chama",20.592468,-26.183771
"Vulpes chama",17.120583,-22.73149
"Vulpes chama",20.068269,-25.844014
"Vulpes chama",18.24026,-33.276468
"Vulpes chama",20.816212,-26.21377
"Vulpes chama",20.32558,-34.336633
"Vulpes chama",23.807457,-21.432173
"Vulpes chama",15.041077,-23.561663
"Vulpes chama",16.591882,-18.635604
"Vulpes chama",17.53065,-27.866397
"Vulpes chama",23.49614,-21.141792
"Vulpes chama",18.973633,-33.809798
"Vulpes chama",22.102895,-28.73538
"Vulpes chama",18.398608,-31.789787
"Vulpes chama",20.319027,-26.093656
"Vulpes chama",19.196203,-34.290121
"Vulpes chama",23.778004,-22.470511
"Vulpes chama",20.661818,-26.414288
"Vulpes chama",15.799776,-24.485864
"Vulpes chama",20.798202,-25.855793
"Vulpes chama",20.403331,-25.716406
"Vulpes chama",15.76724,-24.62094
"Vulpes chama",17.119487,-22.627591
"Vulpes chama",23.677592,-21.325713
"Vulpes chama",19.893821,-25.67525
"Vulpes chama",20.736785,-26.323636
"Vulpes chama",20.578423,-26.287259
"Vulpes chama",20.36954,-26.0115
"Vulpes chama",14.623517,-23.148461
"Vulpes chama",18.841288,-33.966453
"Vulpes chama",18.3831,-34.2618
"Vulpes chama",16.667634,-18.995908
"Vulpes chama",17.453949,-30.621819
"Vulpes chama",18.526775,-33.606627
"Vulpes chama",15.94938,-19.310428
"Vulpes chama",22.000349,-24.981208
"Vulpes chama",20.15457,-34.375829
"Vulpes chama",17.988496,-33.071818
"Vulpes chama",16.32932,-18.855591
"Vulpes chama",17.072353,-22.794945
"Vulpes chama",20.159355,-25.824222
"Vulpes chama",18.274842,-33.356355
"Vulpes chama",24.632778,-30.892346
"Vulpes chama",16.061309,-25.226902
"Vulpes chama",20.9717,-25.252219
"Vulpes chama",19.913939,-34.420917
"Vulpes chama",17.215924,-29.750191
"Vulpes chama",18.546237,-33.702698
"Vulpes chama",15.468357,-24.729093
"Vulpes chama",21.991173,-33.172592
"Vulpes chama",26.671952,-22.415675
"Vulpes chama",19.206717,-34.055691
"Vulpes chama",19.647958,-33.444395
"Vulpes chama",19.599644,-34.352555
"Vulpes chama",19.891639,-34.498624
"Vulpes chama",15.86055,-19.119554
"Vulpes chama",20.838262,-26.134817
"Vulpes chama",18.488333,-33.830397
"Vulpes chama",19.939395,-34.555777
"Vulpes chama",22.0458,-22.2695
"Vulpes chama",15.864225,-19.011127
"Vulpes chama",18.359255,-32.05075
"Vulpes chama",17.180764,-22.669861
"Vulpes chama",19.5655,-34.6636
"Vulpes chama",17.602271,-30.685882
"Vulpes chama",15.377866,-22.846566
"Vulpes chama",20.035001,-25.805751
"Vulpes chama",25.711501,-31.108403
"Vulpes chama",26.138862,-29.073916
"Vulpes chama",14.457767,-20.541042
"Vulpes chama",15.772805,-23.304073
"Vulpes chama",20.721909,-25.720517
"Vulpes chama",15.645189,-23.683416
"Vulpes chama",17.047538,-22.756966
"Vulpes chama",19.059807,-33.470457
"Vulpes chama",23.318648,-32.140191
"Vulpes chama",18.916589,-33.898012
"Vulpes chama",20.085726,-25.850942
"Vulpes chama",18.444915,-33.663317
"Vulpes chama",20.199691,-26.875942
"Vulpes chama",20.120218,-33.795043
"Vulpes chama",19.048052,-33.4448
"Vulpes chama",20.514448,-25.861839
"Vulpes chama",20.522956,-25.301984
"Vulpes chama",23.482219,-26.897153
"Vulpes chama",18.138046,-32.933105
"Vulpes chama",17.962042,-24.101104
"Vulpes chama",15.503054,-22.79342
"Vulpes chama",18.5617,-33.745
"Vulpes chama",15.16073,-21.833728
"Vulpes chama",15.074714,-23.667578
"Vulpes chama",18.859192,-33.663793
"Vulpes chama",18.988426,-34.183936
"Vulpes chama",25.069854,-20.43992
"Vulpes chama",17.979147,-32.895346
"Vulpes chama",16.007802,-25.273433
"Vulpes chama",15.982515,-19.161718
"Vulpes chama",18.384344,-34.243333
"Vulpes chama",18.928762,-34.108839
"Vulpes chama",19.270442,-32.682403
"Vulpes chama",22.943644,-27.251344
"Vulpes chama",15.8428,-23.5951
"Vulpes chama",14.959756,-18.973881
"Vulpes chama",22.438936,-27.302926
"Vulpes chama",18.507935,-27.794657
"Vulpes chama",16.131263,-19.11504
"Vulpes chama",17.582379,-30.623067
"Vulpes chama",22.480499,-32.371074
"Vulpes chama",16.6345,-19.058525
"Vulpes chama",18.114555,-32.819948
"Vulpes chama",15.317687,-24.683874
"Vulpes chama",19.597911,-34.313592
"Vulpes chama",19.54374,-34.09367
"Vulpes chama",20.401608,-26.108587
"Vulpes chama",19.226783,-32.321862
"Vulpes chama",20.304806,-25.988228
"Vulpes chama",18.876622,-33.203586
"Vulpes chama",18.776925,-33.765603
"Vulpes chama",17.018205,-22.746557
"Vulpes chama",15.26737,-23.279673
"Vulpes chama",23.0333,-28.205601
"Vulpes chama",18.866699,-34.150002
"Vulpes chama",25.85,-30.200001
"Vulpes chama",23.9025,-28.652201
"Vulpes chama",24.633301,-27.616699
"Vulpes chama",25.5,-30.6667
"Vulpes chama",17.950001,-33.023102
"Vulpes chama",19.366699,-34.533298
"Vulpes chama",16.576942,-29.768505
"Vulpes chama",18.452728,-32.387051
"Vulpes chama",18.973243,-29.319012
"Vulpes chama",19.95,-25.42
"Vulpes chama",19.69606,-25.67341
"Vulpes chama",24.8,-28.85
"Vulpes chama",15.897981,-23.991592
"Vulpes chama",20.80366,-25.951973
"Vulpes chama",22.825556,-20.376667
"Vulpes chama",17.015819,-18.938219
"Vulpes chama",22.381335,-25.151089
"Vulpes chama",25.04777,-33.52043
"Vulpes chama",24.001011,-22.317777
"Vulpes chama",20.723448,-26.169023
"Vulpes corsac",117.74,48.96
"Vulpes corsac",117.45,49
"Vulpes corsac",12.520949,55.672466
"Vulpes corsac",70,57
"Vulpes corsac",39.865153,48.155452
"Vulpes corsac",39.047089,49.603715
"Vulpes corsac",39.845491,49.232545
"Vulpes corsac",39.969231,49.236809
"Vulpes corsac",39.916334,49.208443
"Vulpes corsac",39.741938,49.146939
"Vulpes corsac",40.081689,49.299264
"Vulpes corsac",38.833037,49.276265
"Vulpes corsac",39.392026,48.531806
"Vulpes corsac",39.380824,48.035593
"Vulpes corsac",39.263998,48.610583
"Vulpes corsac",40.045564,49.297177
"Vulpes corsac",39.867488,48.134307
"Vulpes corsac",119.75968,49.25275
"Vulpes corsac",8.706665,53.829838
"Vulpes corsac",108.644844,45.723038
"Vulpes corsac",103.364426,46.716866
"Vulpes corsac",87.471934,49.663632
"Vulpes corsac",107.337586,47.77007
"Vulpes corsac",43.381879,45.943787
"Vulpes corsac",81.190045,53.894864
"Vulpes corsac",102.9987,46.5351
"Vulpes corsac",119.920256,49.303545
"Vulpes corsac",81.005569,53.818366
"Vulpes corsac",43.157752,46.146394
"Vulpes corsac",98.272761,46.566453
"Vulpes corsac",47.207708,43.149944
"Vulpes corsac",82.989791,54.518121
"Vulpes corsac",104.334473,47.856587
"Vulpes corsac",105.528603,50.631329
"Vulpes corsac",103.185967,46.667039
"Vulpes corsac",79.288231,54.005831
"Vulpes corsac",112.9625,46.1706
"Vulpes corsac",61.032219,53.284295
"Vulpes corsac",42.555759,47.400877
"Vulpes corsac",61.656746,56.565236
"Vulpes corsac",59.059574,52.406083
"Vulpes corsac",83.177025,54.613289
"Vulpes corsac",107.81917,47.517063
"Vulpes corsac",112.809367,46.499469
"Vulpes corsac",102.938278,47.863458
"Vulpes corsac",89.247871,49.682845
"Vulpes corsac",88.973479,49.782514
"Vulpes corsac",45.345631,47.792192
"Vulpes corsac",81.8468,54.3733
"Vulpes corsac",88.650688,49.868726
"Vulpes corsac",88.719787,49.958997
"Vulpes corsac",40.764111,47.491
"Vulpes corsac",103.817099,42.920593
"Vulpes corsac",119.192793,48.841622
"Vulpes corsac",61.665638,56.684573
"Vulpes corsac",43.429335,46.131998
"Vulpes corsac",72.945889,51.895428
"Vulpes corsac",79.127486,52.316946
"Vulpes corsac",81.144049,53.883456
"Vulpes corsac",85.54831,54.904427
"Vulpes corsac",84.203903,47.728962
"Vulpes corsac",56.115302,51.164671
"Vulpes corsac",83.533816,53.328358
"Vulpes corsac",105.965449,47.663753
"Vulpes corsac",79.624069,54.039688
"Vulpes corsac",80.870671,51.492388
"Vulpes corsac",81.235843,53.832712
"Vulpes corsac",85.056614,54.772638
"Vulpes corsac",106.96363,48.032089
"Vulpes corsac",44.197463,46.089657
"Vulpes corsac",116.383475,43.362738
"Vulpes corsac",89.060429,49.816445
"Vulpes corsac",110.236499,48.303919
"Vulpes corsac",106.943319,47.670448
"Vulpes corsac",58.692314,53.338774
"Vulpes corsac",60.193698,52.488007
"Vulpes corsac",46.203773,45.930877
"Vulpes corsac",82.770414,55.013919
"Vulpes corsac",50.574878,44.476652
"Vulpes corsac",82.746456,54.568867
"Vulpes corsac",80.814579,51.480299
"Vulpes corsac",89.102898,49.697968
"Vulpes corsac",77.854718,53.711979
"Vulpes corsac",44.36223,46.422565
"Vulpes corsac",45.216658,45.653407
"Vulpes corsac",88.841312,49.662223
"Vulpes corsac",105.867255,47.845338
"Vulpes corsac",83.192179,52.760782
"Vulpes corsac",88.667387,49.690758
"Vulpes corsac",107.279482,47.918244
"Vulpes corsac",97.587801,45.4764
"Vulpes corsac",61.668802,46.784235
"Vulpes corsac",58.708004,52.848791
"Vulpes corsac",102.734045,47.478302
"Vulpes corsac",45.923589,45.591703
"Vulpes corsac",84.770954,45.297072
"Vulpes corsac",102.870347,47.186958
"Vulpes corsac",77.508279,54.097187
"Vulpes corsac",83.315951,51.859786
"Vulpes corsac",80.789217,52.569283
"Vulpes corsac",82.114656,54.562765
"Vulpes corsac",73.600982,51.104529
"Vulpes corsac",80.45949,51.27374
"Vulpes corsac",100.97346,44.503358
"Vulpes corsac",52.752776,55.217177
"Vulpes corsac",77.820087,54.706427
"Vulpes corsac",43.603702,45.211375
"Vulpes corsac",82.286781,53.409621
"Vulpes corsac",74.381441,53.911545
"Vulpes corsac",88.537789,49.95409
"Vulpes corsac",43.441146,45.834967
"Vulpes corsac",43.401272,45.953784
"Vulpes corsac",58.621011,52.04661
"Vulpes corsac",103.969523,47.958307
"Vulpes corsac",60.307049,52.429747
"Vulpes corsac",108.387736,47.595777
"Vulpes corsac",43.279041,46.127311
"Vulpes corsac",108.106941,47.762829
"Vulpes corsac",43.602534,46.155257
"Vulpes corsac",80.793067,53.56921
"Vulpes corsac",42.330827,46.321755
"Vulpes corsac",75.231359,44.39317
"Vulpes corsac",82.728268,54.947994
"Vulpes corsac",74.945491,44.430683
"Vulpes corsac",103.175627,43.728171
"Vulpes corsac",102.737769,46.086282
"Vulpes corsac",103.492474,47.345683
"Vulpes corsac",46.627842,49.073914
"Vulpes corsac",73.872988,53.777803
"Vulpes corsac",60.610505,54.59597
"Vulpes corsac",44.206724,46.228174
"Vulpes corsac",83.104691,52.227253
"Vulpes corsac",105.92901,47.644148
"Vulpes corsac",50.865392,44.31548
"Vulpes corsac",80.496379,52.911753
"Vulpes corsac",43.577471,46.018259
"Vulpes corsac",56.47623,46.277912
"Vulpes corsac",44.647986,48.203333
"Vulpes corsac",73.112727,54.982641
"Vulpes corsac",69.353888,53.457525
"Vulpes corsac",67.001064,48.042206
"Vulpes corsac",44.828856,48.105312
"Vulpes corsac",92.943186,50.054953
"Vulpes corsac",45.503655,49.122084
"Vulpes corsac",49.178507,49.867116
"Vulpes corsac",107.066965,41.279146
"Vulpes corsac",119.13049,48.861937
"Vulpes corsac",106.119217,47.816873
"Vulpes corsac",103.648492,47.422242
"Vulpes corsac",102.759843,47.74693
"Vulpes corsac",81.314773,53.883083
"Vulpes corsac",79.222056,42.972212
"Vulpes corsac",59.210279,52.60967
"Vulpes corsac",42.999332,47.294936
"Vulpes corsac",60.366932,54.758881
"Vulpes corsac",85.479003,53.473967
"Vulpes corsac",116.830335,43.29846
"Vulpes corsac",109.088003,47.393652
"Vulpes corsac",93.220487,47.001653
"Vulpes corsac",103.8925,47.875
"Vulpes corsac",101.236313,46.091923
"Vulpes corsac",112.99416,46.632995
"Vulpes corsac",111.994629,45.391807
"Vulpes corsac",112.942856,46.11797
"Vulpes corsac",102.767222,47.760833
"Vulpes corsac",108.276951,47.636076
"Vulpes corsac",85.461247,53.449431
"Vulpes corsac",81.209537,52.634773
"Vulpes corsac",97.55,48.43
"Vulpes corsac",41.749972,47.502145
"Vulpes corsac",81.313467,54.786246
"Vulpes corsac",102.487625,46.498208
"Vulpes corsac",83.136868,52.79742
"Vulpes corsac",106.007416,47.628342
"Vulpes corsac",68.512309,45.011844
"Vulpes corsac",107.080719,47.367988
"Vulpes corsac",109.485001,47.510143
"Vulpes corsac",102.14621,47.493405
"Vulpes corsac",92.375572,50.642561
"Vulpes corsac",44.4828,42.4664
"Vulpes corsac",117.699804,47.680462
"Vulpes corsac",113.95192,47.993942
"Vulpes corsac",98.637176,47.447965
"Vulpes corsac",105.940475,47.664986
"Vulpes corsac",102.266946,47.5347
"Vulpes corsac",112.944019,46.172717
"Vulpes corsac",102.667545,47.735926
"Vulpes macrotis",-120.837864,36.877694
"Vulpes macrotis",-114.7186,33.3174
"Vulpes macrotis",-114.65363,36.89108
"Vulpes macrotis",-119.4765,35.2885
"Vulpes macrotis",-119.3694,35.2885
"Vulpes macrotis",-119.4765,35.2452
"Vulpes macrotis",-119.4051,35.2452
"Vulpes macrotis",-119.7573,35.4928
"Vulpes macrotis",-119.38,35.15
"Vulpes macrotis",-120.773116,35.750397
"Vulpes macrotis",-119.09128,35.36041
"Vulpes macrotis",-120.8128,36.7308
"Vulpes macrotis",-119.089048,35.349395
"Vulpes macrotis",-119.747772,35.442012
"Vulpes macrotis",-119.588945,35.457349
"Vulpes macrotis",-119.5301,35.3752
"Vulpes macrotis",-119.33,35.24
"Vulpes macrotis",-120.73,35.85
"Vulpes macrotis",-119.01778,35.37333
"Vulpes macrotis",-120.058765,35.876397
"Vulpes macrotis",-116.576937,34.045588
"Vulpes macrotis",-114.7492,32.7314
"Vulpes macrotis",-114.1461,32.6728
"Vulpes macrotis",-113.619201,31.328664
"Vulpes macrotis",-117.854579,35.164585
"Vulpes macrotis",-120.7436,36.729
"Vulpes macrotis",-114.11102,36.84145
"Vulpes macrotis",-114.0508,32.2681
"Vulpes macrotis",-113.539201,31.313998
"Vulpes macrotis",-119.032425,35.315588
"Vulpes macrotis",-119.556662,35.760852
"Vulpes macrotis",-119.993318,35.802102
"Vulpes macrotis",-120.6105,36.6759
"Vulpes macrotis",-114.06639,36.86357
"Vulpes macrotis",-118.931,35.401
"Vulpes macrotis",-120.086166,35.511553
"Vulpes macrotis",-118.992227,35.455711
"Vulpes macrotis",-114.91222,37.0025
"Vulpes macrotis",-119.452308,34.951079
"Vulpes macrotis",-119.6194,35.3896
"Vulpes macrotis",-120.564576,36.589568
"Vulpes macrotis",-118.7624,35.3509
"Vulpes macrotis",-119.39,34.96
"Vulpes macrotis",-114.5255,33.6216
"Vulpes macrotis",-120.856533,36.689156
"Vulpes macrotis",-120.6855,36.6086
"Vulpes macrotis",-116.42108,36.68889
"Vulpes macrotis",-119.866754,35.614913
"Vulpes macrotis",-119.43997,35.50067
"Vulpes macrotis",-119.730515,35.099864
"Vulpes macrotis",-119.6909,35.3174
"Vulpes macrotis",-119.24266,35.29625
"Vulpes macrotis",-119.580297,35.688797
"Vulpes macrotis",-116.877552,36.463047
"Vulpes macrotis",-114.83024,35.20418
"Vulpes macrotis",-119.6016,35.3318
"Vulpes macrotis",-119.34,35.07
"Vulpes macrotis",-119.56,35.24
"Vulpes macrotis",-118.762464,35.349275
"Vulpes macrotis",-118.897651,34.962464
"Vulpes macrotis",-117.849936,34.602267
"Vulpes macrotis",-120.318776,35.611646
"Vulpes macrotis",-114.6217,35.0431
"Vulpes macrotis",-120.6832,36.8359
"Vulpes macrotis",-121.258772,35.898457
"Vulpes macrotis",-120.7,35.71
"Vulpes macrotis",-119.78,35.23
"Vulpes macrotis",-116.427106,36.347616
"Vulpes macrotis",-115.683952,34.986842
"Vulpes macrotis",-115.689542,33.935532
"Vulpes macrotis",-120.3776,36.7514
"Vulpes macrotis",-119.47,35.15
"Vulpes macrotis",-117.1358,36.72734
"Vulpes macrotis",-120.081078,35.656179
"Vulpes macrotis",-116.48843,34.77264
"Vulpes macrotis",-120.218299,35.780389
"Vulpes macrotis",-118.54439,35.387646
"Vulpes macrotis",-115.49833,35.23778
"Vulpes macrotis",-115.6712,32.6806
"Vulpes macrotis",-117.579924,36.360823
"Vulpes macrotis",-115.182183,32.687436
"Vulpes macrotis",-115.071306,32.997103
"Vulpes macrotis",-120.9542,36.8666
"Vulpes macrotis",-117.88222,38.0275
"Vulpes macrotis",-106.333344,32.766666
"Vulpes macrotis",-119.76922,35.14428
"Vulpes macrotis",-120.8631,36.8651
"Vulpes macrotis",-120.5459,36.8321
"Vulpes macrotis",-106.221238,32.744724
"Vulpes macrotis",-120.666667,35.266667
"Vulpes macrotis",-114.455091,29.88305
"Vulpes macrotis",-113.483758,31.405008
"Vulpes macrotis",-115.319331,30.057283
"Vulpes macrotis",-116.253202,36.97418
"Vulpes macrotis",-113.770294,38.648823
"Vulpes macrotis",-113.770294,38.720468
"Vulpes macrotis",-113.549108,38.632875
"Vulpes macrotis",-106.8772,34.87925
"Vulpes macrotis",-106.758314,34.892364
"Vulpes macrotis",-105.023447,31.205281
"Vulpes macrotis",-104.4815,32.3723
"Vulpes macrotis",-104.653745,30.540632
"Vulpes macrotis",-105.533847,31.784572
"Vulpes macrotis",-106.040046,34.269952
"Vulpes macrotis",-104.501141,34.125205
"Vulpes macrotis",-118.894852,34.875977
"Vulpes macrotis",-117.129078,34.646517
"Vulpes macrotis",-117.908077,34.504557
"Vulpes macrotis",-117.400291,34.517581
"Vulpes macrotis",-116.034898,34.07347
"Vulpes macrotis",-120.4257024,36.0385157
"Vulpes macrotis",-120.03781,35.712488
"Vulpes macrotis",-118.941639,38.663788
"Vulpes macrotis",-116.9584779,33.7854378
"Vulpes macrotis",-119.863297,35.189864
"Vulpes macrotis",-118.0840758,36.8823261
"Vulpes macrotis",-117.103783,34.87762
"Vulpes macrotis",-117.409799,34.572881
"Vulpes macrotis",-118.0410458,36.6190965
"Vulpes macrotis",-120.0325107,35.0830413
"Vulpes macrotis",-114.6138931,34.8480293
"Vulpes macrotis",-114.053978,33.968329
"Vulpes macrotis",-113.696632,32.734354
"Vulpes macrotis",-108.807222,31.948889
"Vulpes macrotis",-105.961361,34.603977
"Vulpes macrotis",-105.85,37.725
"Vulpes macrotis",-119.684444,34.946944
"Vulpes macrotis",-118.108611,35.101944
"Vulpes macrotis",-115.280278,36.317222
"Vulpes macrotis",-118.115556,34.579444
"Vulpes macrotis",-119.741389,35.475556
"Vulpes macrotis",-107.25222,33.708756
"Vulpes macrotis",-111.575374,36.990599
"Vulpes macrotis",-111.33167,31.57472
"Vulpes macrotis",-111.2786,32.3707
"Vulpes macrotis",-110.772665,32.192756
"Vulpes macrotis",-108.27972,32.262098
"Vulpes macrotis",-112.86722,32.551586
"Vulpes macrotis",-112.04694,33.130614
"Vulpes macrotis",-112.885225,32.450825
"Vulpes macrotis",-111.51694,32.97778
"Vulpes macrotis",-111.16722,32.24417
"Vulpes macrotis",-111.24839,32.414686
"Vulpes macrotis",-113.02278,31.962332
"Vulpes macrotis",-113.601597,34.231966
"Vulpes macrotis",-105.985,31.838
"Vulpes macrotis",-107.422562,35.952681
"Vulpes macrotis",-106.759,31.876
"Vulpes macrotis",-106.709,32.09
"Vulpes macrotis",-104.378,32.632
"Vulpes macrotis",-106.310013,32.885187
"Vulpes macrotis",-105.370566,31.678068
"Vulpes macrotis",-113.246935,33.552861
"Vulpes macrotis",-105.12,30.78
"Vulpes macrotis",-104.400866,32.478606
"Vulpes macrotis",-106.070771,31.570765
"Vulpes macrotis",-114.547,32.833
"Vulpes macrotis",-115.72,31.38
"Vulpes macrotis",-116.141,33.282
"Vulpes macrotis",-116.375006,33.255707
"Vulpes macrotis",-116.2606,33.1689
"Vulpes macrotis",-115.726663,34.439817
"Vulpes macrotis",-116.455868,32.99284
"Vulpes macrotis",-117.16,33.92
"Vulpes macrotis",-114.841,31.025
"Vulpes macrotis",-112.7954,32.807
"Vulpes macrotis",-117.202339,33.005724
"Vulpes macrotis",-111.845,33.12
"Vulpes macrotis",-113.3278,32.8395
"Vulpes macrotis",-115.967,32.739
"Vulpes macrotis",-105.861,31.2888
"Vulpes macrotis",-114.1645,34.4774
"Vulpes macrotis",-115.69,32.762
"Vulpes macrotis",-115.2986602,32.0032177
"Vulpes macrotis",-115.108195,31.7820299
"Vulpes macrotis",-114.52801,35.07719
"Vulpes macrotis",-114.59762,35.08415
"Vulpes macrotis",-111.9441,33.45194
"Vulpes macrotis",-111.423333,33.271111
"Vulpes macrotis",-106.456972,31.270528
"Vulpes macrotis",-106.473139,31.232222
"Vulpes macrotis",-106.443028,31.270889
"Vulpes macrotis",-106.595305,31.377917
"Vulpes macrotis",-106.447055,31.239417
"Vulpes macrotis",-114.55528,32.78917
"Vulpes macrotis",-108.300013,30.720098
"Vulpes macrotis",-108.454909,30.878289
"Vulpes macrotis",-108.356667,30.72159
"Vulpes macrotis",-114.759444,31.991828
"Vulpes macrotis",-108.317526,30.599284
"Vulpes macrotis",-115.383003,31.917
"Vulpes macrotis",-115.31012,35.34033
"Vulpes macrotis",-106.48693,31.75872
"Vulpes macrotis",-115.64664,31.34518
"Vulpes macrotis",-114.53994,32.61782
"Vulpes macrotis",-117.3359422,35.3267184
"Vulpes macrotis",-117.9340276,35.2748905
"Vulpes macrotis",-115.994224,36.6055165
"Vulpes macrotis",-114.5666451,33.0216204
"Vulpes macrotis",-117.8000207,35.5788657
"Vulpes macrotis",-115.0155228,32.7091969
"Vulpes macrotis",-110.9262519,32.221766
"Vulpes macrotis",-117.7182929,35.4024147
"Vulpes macrotis",-117.69,35.52
"Vulpes macrotis",-117.9971872,35.2868617
"Vulpes macrotis",-117.9844832,35.5009973
"Vulpes macrotis",-114.7308616,33.4288595
"Vulpes macrotis",-116.89,34.86
"Vulpes macrotis",-114.4915,35.7306
"Vulpes macrotis",-111.423069,32.587737
"Vulpes macrotis",-115.615602,37.544815
"Vulpes macrotis",-119.079584,35.516223
"Vulpes macrotis",-118.031487,35.096592
"Vulpes macrotis",-116.040264,33.208586
"Vulpes macrotis",-106.75786,32.479374
"Vulpes macrotis",-115.910896,33.348108
"Vulpes macrotis",-115.63241,32.716924
"Vulpes macrotis",-116.09983,33.175739
"Vulpes macrotis",-117.367422,38.284665
"Vulpes macrotis",-115.836683,33.907625
"Vulpes macrotis",-105.238676,34.591858
"Vulpes macrotis",-115.285382,35.492009
"Vulpes macrotis",-119.816855,35.643769
"Vulpes macrotis",-119.838147,35.254658
"Vulpes macrotis",-117.114088,35.001952
"Vulpes macrotis",-103.881122,30.807407
"Vulpes macrotis",-117.427623,35.20723
"Vulpes macrotis",-116.330259,33.300754
"Vulpes macrotis",-117.508228,35.059809
"Vulpes macrotis",-119.916889,35.317388
"Vulpes macrotis",-113.771128,31.833675
"Vulpes macrotis",-116.312527,33.095029
"Vulpes macrotis",-113.935867,33.42028
"Vulpes macrotis",-118.115222,35.047149
"Vulpes macrotis",-113.508172,37.153964
"Vulpes macrotis",-115.472294,33.247369
"Vulpes macrotis",-115.688145,34.895343
"Vulpes macrotis",-117.115197,36.606288
"Vulpes macrotis",-116.335092,34.192154
"Vulpes macrotis",-115.666635,36.57601
"Vulpes macrotis",-112.864568,31.127597
"Vulpes macrotis",-120.952113,36.416416
"Vulpes macrotis",-120.73052,36.511058
"Vulpes macrotis",-108.178348,30.955254
"Vulpes macrotis",-117.213347,36.077142
"Vulpes macrotis",-114.958245,34.8483
"Vulpes macrotis",-120.890477,37.094126
"Vulpes macrotis",-114.764789,33.491131
"Vulpes macrotis",-119.95973,35.394783
"Vulpes macrotis",-116.469095,35.031667
"Vulpes macrotis",-117.62127,34.773485
"Vulpes macrotis",-113.872048,37.081731
"Vulpes macrotis",-115.632454,36.572948
"Vulpes macrotis",-106.408325,31.664471
"Vulpes macrotis",-114.715047,33.580783
"Vulpes macrotis",-115.80143,33.672645
"Vulpes macrotis",-115.034391,32.985694
"Vulpes macrotis",-106.820733,33.729936
"Vulpes macrotis",-113.95326,32.69446
"Vulpes macrotis",-116.312355,33.773438
"Vulpes macrotis",-119.606381,35.026932
"Vulpes macrotis",-120.83932,36.61572
"Vulpes macrotis",-108.803678,31.820033
"Vulpes macrotis",-118.171593,35.187193
"Vulpes macrotis",-116.233093,32.864112
"Vulpes macrotis",-116.161111,32.975889
"Vulpes macrotis",-114.97898,36.087131
"Vulpes macrotis",-114.01122,33.237619
"Vulpes macrotis",-115.320693,33.148158
"Vulpes macrotis",-116.139769,35.420019
"Vulpes macrotis",-108.47885,30.835232
"Vulpes macrotis",-118.273015,34.73276
"Vulpes macrotis",-112.281682,32.984549
"Vulpes macrotis",-116.418793,32.867465
"Vulpes macrotis",-110.845122,31.761388
"Vulpes macrotis",-119.717836,35.049708
"Vulpes macrotis",-114.481338,36.309678
"Vulpes macrotis",-119.114247,35.235854
"Vulpes macrotis",-115.65361,36.264221
"Vulpes macrotis",-111.792544,32.443524
"Vulpes macrotis",-111.93861,33.417774
"Vulpes macrotis",-114.849337,35.359391
"Vulpes macrotis",-120.959373,36.756778
"Vulpes macrotis",-114.619808,34.48422
"Vulpes macrotis",-115.651337,36.004186
"Vulpes macrotis",-109.626926,30.361206
"Vulpes macrotis",-114.94277,34.02146
"Vulpes macrotis",-117.343257,35.998893
"Vulpes macrotis",-117.237625,36.460705
"Vulpes macrotis",-117.692338,35.714233
"Vulpes macrotis",-114.568069,32.495235
"Vulpes macrotis",-114.553055,36.416983
"Vulpes macrotis",-114.968607,33.548948
"Vulpes macrotis",-106.779455,34.436408
"Vulpes macrotis",-116.421686,35.681108
"Vulpes macrotis",-119.158441,35.201459
"Vulpes macrotis",-116.002249,33.616243
"Vulpes macrotis",-106.700207,32.289693
"Vulpes macrotis",-112.661064,33.521656
"Vulpes macrotis",-116.112178,33.017392
"Vulpes macrotis",-116.694962,36.248305
"Vulpes macrotis",-109.739937,38.469222
"Vulpes macrotis",-113.441833,37.164233
"Vulpes macrotis",-119.030518,34.945422
"Vulpes macrotis",-117.865507,35.050245
"Vulpes macrotis",-117.38362,36.055843
"Vulpes macrotis",-117.566709,36.261379
"Vulpes macrotis",-116.198637,33.121759
"Vulpes macrotis",-114.72722,36.139381
"Vulpes macrotis",-109.519347,38.749112
"Vulpes macrotis",-117.496441,36.289943
"Vulpes macrotis",-112.513313,33.571347
"Vulpes macrotis",-115.788322,32.928858
"Vulpes macrotis",-120.84449,36.411062
"Vulpes macrotis",-116.396805,33.237233
"Vulpes macrotis",-115.222425,31.056252
"Vulpes macrotis",-104.28547,32.456467
"Vulpes macrotis",-116.021903,33.053653
"Vulpes macrotis",-120.967739,36.996192
"Vulpes macrotis",-120.075079,35.241712
"Vulpes macrotis",-117.222035,38.324797
"Vulpes macrotis",-112.670421,29.937415
"Vulpes macrotis",-119.012665,35.201741
"Vulpes macrotis",-116.595542,36.645942
"Vulpes macrotis",-115.374907,32.385245
"Vulpes macrotis",-114.796013,33.575337
"Vulpes macrotis",-118.446084,34.919625
"Vulpes macrotis",-106.04077,32.842599
"Vulpes macrotis",-118.051339,35.152545
"Vulpes macrotis",-118.002631,35.033205
"Vulpes macrotis",-116.508858,33.320482
"Vulpes macrotis",-119.989904,35.171271
"Vulpes macrotis",-119.465963,35.704905
"Vulpes macrotis",-116.073907,33.1231
"Vulpes macrotis",-114.53524,36.507332
"Vulpes macrotis",-118.194868,35.120345
"Vulpes macrotis",-109.742761,31.408679
"Vulpes macrotis",-110.056391,32.862918
"Vulpes macrotis",-115.081414,35.366875
"Vulpes macrotis",-117.77795,35.748686
"Vulpes macrotis",-112.787572,29.932861
"Vulpes macrotis",-113.117446,31.721388
"Vulpes macrotis",-114.636824,36.751619
"Vulpes macrotis",-119.95043,35.996429
"Vulpes macrotis",-116.64233,36.201182
"Vulpes macrotis",-113.734219,31.838767
"Vulpes macrotis",-116.668056,35.2575
"Vulpes macrotis",-112.634881,30.124622
"Vulpes macrotis",-112.682513,33.650299
"Vulpes macrotis",-105.983369,31.391019
"Vulpes macrotis",-118.113559,34.943173
"Vulpes macrotis",-117.60826,35.67665
"Vulpes macrotis",-120.987765,36.485547
"Vulpes macrotis",-118.512979,34.88886
"Vulpes macrotis",-117.790816,34.703242
"Vulpes macrotis",-115.364857,34.420314
"Vulpes macrotis",-114.929842,33.043509
"Vulpes macrotis",-112.159501,35.283288
"Vulpes macrotis",-116.664303,35.220103
"Vulpes macrotis",-109.484801,32.146232
"Vulpes macrotis",-105.822847,34.128931
"Vulpes macrotis",-117.047622,33.179375
"Vulpes macrotis",-119.801566,35.028998
"Vulpes macrotis",-114.835502,32.754563
"Vulpes macrotis",-117.646685,34.985072
"Vulpes macrotis",-108.722559,32.394363
"Vulpes macrotis",-114.669356,35.237489
"Vulpes macrotis",-108.402193,30.863525
"Vulpes macrotis",-116.08792,32.780289
"Vulpes macrotis",-109.622663,31.597775
"Vulpes macrotis",-112.771413,33.542991
"Vulpes macrotis",-115.173012,32.972725
"Vulpes macrotis",-114.862809,37.745658
"Vulpes macrotis",-114.482238,36.63807
"Vulpes macrotis",-113.312029,31.342901
"Vulpes macrotis",-119.70974,35.1854
"Vulpes macrotis",-118.150752,35.044973
"Vulpes macrotis",-116.139328,32.877525
"Vulpes macrotis",-115.194815,33.41535
"Vulpes macrotis",-119.915669,35.050789
"Vulpes macrotis",-118.32607,34.894683
"Vulpes macrotis",-115.169068,36.215181
"Vulpes macrotis",-114.428022,36.468417
"Vulpes macrotis",-116.544632,34.373307
"Vulpes macrotis",-118.490025,34.821037
"Vulpes macrotis",-119.61787,35.074605
"Vulpes macrotis",-108.817177,37.357605
"Vulpes macrotis",-107.893559,32.414687
"Vulpes macrotis",-117.717693,34.715934
"Vulpes macrotis",-116.164408,34.094039
"Vulpes macrotis",-114.87083,35.375313
"Vulpes macrotis",-116.186855,33.188551
"Vulpes macrotis",-112.046237,30.335922
"Vulpes macrotis",-112.971032,31.120675
"Vulpes macrotis",-117.682976,37.110611
"Vulpes macrotis",-116.147303,33.897718
"Vulpes macrotis",-103.793411,30.887672
"Vulpes macrotis",-109.035836,31.932179
"Vulpes macrotis",-117.186646,35.048732
"Vulpes macrotis",-117.985956,35.242303
"Vulpes macrotis",-114.900362,36.223617
"Vulpes macrotis",-104.235664,31.852697
"Vulpes macrotis",-116.22722,32.843105
"Vulpes macrotis",-114.673662,33.743953
"Vulpes macrotis",-113.863773,36.965422
"Vulpes macrotis",-113.176582,33.910516
"Vulpes macrotis",-109.197009,31.911052
"Vulpes macrotis",-119.913193,35.526654
"Vulpes macrotis",-114.66362,33.759149
"Vulpes macrotis",-119.95453,35.3395
"Vulpes macrotis",-116.005564,33.045727
"Vulpes macrotis",-117.564822,37.661531
"Vulpes macrotis",-115.124065,37.74319
"Vulpes macrotis",-116.542118,36.316344
"Vulpes macrotis",-114.880872,35.340325
"Vulpes macrotis",-112.15857,32.71683
"Vulpes macrotis",-117.201158,34.426037
"Vulpes macrotis",-108.331912,31.141531
"Vulpes macrotis",-116.197827,33.760561
"Vulpes macrotis",-120.767976,36.548487
"Vulpes macrotis",-113.048569,33.021781
"Vulpes macrotis",-114.293326,32.323627
"Vulpes macrotis",-114.920617,33.592128
"Vulpes macrotis",-115.893638,32.61368
"Vulpes macrotis",-104.215743,32.838847
"Vulpes macrotis",-109.778942,35.066939
"Vulpes macrotis",-117.352548,38.379114
"Vulpes macrotis",-116.388554,34.070665
"Vulpes macrotis",-117.161379,34.607477
"Vulpes macrotis",-113.598104,33.600698
"Vulpes macrotis",-106.738482,32.47042
"Vulpes macrotis",-112.858287,32.4267
"Vulpes macrotis",-120.934143,36.456297
"Vulpes macrotis",-119.56237,36.481425
"Vulpes macrotis",-114.10321,37.025561
"Vulpes macrotis",-113.357621,31.928855
"Vulpes macrotis",-112.811394,31.93898
"Vulpes macrotis",-119.926614,35.032002
"Vulpes macrotis",-113.803833,32.698806
"Vulpes macrotis",-116.743163,35.871778
"Vulpes macrotis",-104.905883,32.848278
"Vulpes macrotis",-107.961151,32.796586
"Vulpes macrotis",-106.935363,33.754501
"Vulpes macrotis",-106.238975,32.794062
"Vulpes macrotis",-115.554819,35.0251
"Vulpes macrotis",-107.208742,31.789876
"Vulpes macrotis",-109.760518,31.530134
"Vulpes macrotis",-116.682446,36.362321
"Vulpes macrotis",-115.797282,32.76645
"Vulpes macrotis",-116.052361,32.748301
"Vulpes macrotis",-117.496583,35.657222
"Vulpes macrotis",-112.923205,37.221633
"Vulpes macrotis",-109.051296,34.202562
"Vulpes macrotis",-113.904567,36.880501
"Vulpes macrotis",-118.009286,37.612319
"Vulpes macrotis",-115.847204,33.196682
"Vulpes macrotis",-114.626973,34.65323
"Vulpes macrotis",-108.839395,32.259875
"Vulpes macrotis",-117.868963,35.729497
"Vulpes macrotis",-114.23005,36.609663
"Vulpes macrotis",-115.434412,35.56938
"Vulpes macrotis",-103.374803,37.652608
"Vulpes macrotis",-120.933412,36.411493
"Vulpes macrotis",-117.939613,36.02395
"Vulpes macrotis",-114.990425,33.594637
"Vulpes macrotis",-113.343369,33.630945
"Vulpes macrotis",-108.878703,31.806795
"Vulpes macrotis",-109.047894,34.207057
"Vulpes macrotis",-114.11003,36.413192
"Vulpes macrotis",-114.163658,33.371872
"Vulpes macrotis",-115.709562,33.084227
"Vulpes macrotis",-106.570997,31.454858
"Vulpes macrotis",-112.637031,29.979514
"Vulpes macrotis",-118.379117,34.819505
"Vulpes macrotis",-115.578102,35.075771
"Vulpes macrotis",-116.147113,34.027862
"Vulpes macrotis",-107.019698,33.728689
"Vulpes macrotis",-114.763865,36.178517
"Vulpes macrotis",-114.226395,33.58572
"Vulpes macrotis",-115.252449,37.8374
"Vulpes macrotis",-110.80773,32.08233
"Vulpes macrotis",-114.839674,35.328775
"Vulpes macrotis",-115.705967,33.742269
"Vulpes macrotis",-120.929033,36.613452
"Vulpes macrotis",-115.344086,35.639895
"Vulpes macrotis",-116.92138,36.788531
"Vulpes macrotis",-116.173333,33.287087
"Vulpes macrotis",-106.601513,36.1775
"Vulpes macrotis",-116.3637,32.966
"Vulpes macrotis",-112.686619,33.604731
"Vulpes macrotis",-107.281283,33.289227
"Vulpes macrotis",-120.18249,35.262576
"Vulpes macrotis",-113.944017,34.017411
"Vulpes macrotis",-113.235271,31.364932
"Vulpes macrotis",-109.681711,31.566732
"Vulpes macrotis",-115.122052,35.799156
"Vulpes macrotis",-116.195449,32.68828
"Vulpes macrotis",-114.819847,37.718454
"Vulpes macrotis",-120.897249,37.173253
"Vulpes macrotis",-114.448631,32.867263
"Vulpes macrotis",-106.7492,34.420395
"Vulpes macrotis",-113.885235,35.097337
"Vulpes macrotis",-116.316445,34.351447
"Vulpes macrotis",-109.70539,30.151163
"Vulpes macrotis",-117.04849,35.169469
"Vulpes macrotis",-104.83622,31.380153
"Vulpes macrotis",-114.591805,35.827532
"Vulpes macrotis",-107.733968,36.429489
"Vulpes macrotis",-115.978712,33.30617
"Vulpes macrotis",-116.91393,36.558268
"Vulpes macrotis",-120.622673,36.43338
"Vulpes macrotis",-108.971402,32.252841
"Vulpes macrotis",-115.266615,34.750438
"Vulpes macrotis",-116.935888,35.138036
"Vulpes macrotis",-105.00741,31.752301
"Vulpes macrotis",-116.608878,34.813178
"Vulpes macrotis",-109.736885,35.108629
"Vulpes macrotis",-111.288046,32.608313
"Vulpes macrotis",-115.043442,36.268335
"Vulpes macrotis",-114.45593,36.155086
"Vulpes macrotis",-109.795964,35.165762
"Vulpes macrotis",-113.553947,36.930462
"Vulpes macrotis",-116.410692,33.669151
"Vulpes macrotis",-112.64373,33.312912
"Vulpes macrotis",-106.417894,31.560553
"Vulpes macrotis",-115.022796,35.674203
"Vulpes macrotis",-104.53061,33.38946
"Vulpes macrotis",-104.53061,33.46201
"Vulpes macrotis",-106.704593,35.08457
"Vulpes macrotis",-112.9845,33.5768
"Vulpes macrotis",-104.75148,34.43922
"Vulpes macrotis",-104.87617,33.34774
"Vulpes macrotis",-105.33597,34.59824
"Vulpes macrotis",-104.621111,33.394722
"Vulpes macrotis",-104.66899,33.38946
"Vulpes macrotis",-105.12595,34.5218
"Vulpes macrotis",-108.508059,31.349384
"Vulpes macrotis",-105.287903,34.031701
"Vulpes macrotis",-105.90538,34.50708
"Vulpes macrotis",-107.655345,33.626796
"Vulpes macrotis",-108.010201,36.661701
"Vulpes macrotis",-104.638603,34.31
"Vulpes macrotis",-108.571091,31.696779
"Vulpes macrotis",-106.112702,34.3111
"Vulpes macrotis",-104.499575,33.115339
"Vulpes macrotis",-104.59027,33.875403
"Vulpes macrotis",-104.23495,33.19733
"Vulpes macrotis",-104.79007,33.90457
"Vulpes macrotis",-104.53061,33.75221
"Vulpes macrotis",-104.56521,33.67966
"Vulpes macrotis",-107.869733,36.774307
"Vulpes macrotis",-108.508928,31.465116
"Vulpes macrotis",-105.532811,34.408796
"Vulpes macrotis",-104.53061,33.64339
"Vulpes macrotis",-107.177453,32.644832
"Vulpes macrotis",-115.985085,37.767859
"Vulpes macrotis",-103.7456,33.405922
"Vulpes macrotis",-113.789291,31.628448
"Vulpes macrotis",-113.1022,32.1102
"Vulpes macrotis",-107.477402,35.9651
"Vulpes macrotis",-106.755798,33.8742
"Vulpes macrotis",-108.568318,31.624334
"Vulpes macrotis",-107.083893,34.434166
"Vulpes macrotis",-106.741943,32.615833
"Vulpes macrotis",-105.25438,34.15007
"Vulpes macrotis",-107.03011,33.23469
"Vulpes macrotis",-107.439608,33.963993
"Vulpes macrotis",-104.92693,32.85682
"Vulpes macrotis",-108.718624,36.357244
"Vulpes macrotis",-104.72527,34.339142
"Vulpes macrotis",-108.0102,36.5746
"Vulpes macrotis",-106.938606,35.033611
"Vulpes macrotis",-106.978569,34.787854
"Vulpes macrotis",-106.014556,33.043266
"Vulpes macrotis",-107.299048,35.023328
"Vulpes macrotis",-112.741059,38.786355
"Vulpes macrotis",-103.8749,34.5331
"Vulpes macrotis",-104.35764,33.38946
"Vulpes macrotis",-107.575,35.696944
"Vulpes macrotis",-105.7363,34.03299
"Vulpes macrotis",-105.37751,34.9958
"Vulpes macrotis",-104.99668,33.90974
"Vulpes macrotis",-106.603395,35.029242
"Vulpes macrotis",-106.049189,34.99005
"Vulpes macrotis",-118.18444,38.67194
"Vulpes macrotis",-103.58446,33.88508
"Vulpes macrotis",-104.241389,32.894167
"Vulpes macrotis",-104.586003,33.968846
"Vulpes macrotis",-105.804685,34.549541
"Vulpes macrotis",-105.078499,33.858201
"Vulpes macrotis",-104.449947,32.675201
"Vulpes macrotis",-104.4683,33.74284
"Vulpes macrotis",-104.437087,32.908135
"Vulpes macrotis",-117.216985,34.73919
"Vulpes macrotis",-104.6114,34.42472
"Vulpes macrotis",-103.41524,33.17106
"Vulpes macrotis",-107.95198,31.85093
"Vulpes macrotis",-105.35979,34.43652
"Vulpes macrotis",-103.54964,33.87057
"Vulpes macrotis",-112.643852,29.853534
"Vulpes macrotis",-104.48125,34.154433
"Vulpes macrotis",-106.9489,35.1979
"Vulpes macrotis",-105.923103,32.044101
"Vulpes macrotis",-104.09818,33.38946
"Vulpes macrotis",-109.794788,34.974736
"Vulpes macrotis",-110.6974,34.7776
"Vulpes macrotis",-105.47607,33.66869
"Vulpes macrotis",-106.544241,35.017458
"Vulpes macrotis",-106.564767,34.662654
"Vulpes macrotis",-104.489915,33.198348
"Vulpes macrotis",-106.825055,34.452089
"Vulpes macrotis",-106.892708,34.037612
"Vulpes macrotis",-104.40376,33.47104
"Vulpes macrotis",-107.4796,35.7353
"Vulpes macrotis",-109.049606,31.810479
"Vulpes macrotis",-112.88452,32.2006
"Vulpes macrotis",-104.8439,33.34544
"Vulpes macrotis",-104.46625,33.27314
"Vulpes macrotis",-104.440967,33.034017
"Vulpes macrotis",-108.243103,36.4875
"Vulpes macrotis",-113.740316,32.218473
"Vulpes macrotis",-113.0136401,38.3948588
"Vulpes macrotis",-113.4942777,37.0323139
"Vulpes macrotis",-113.4392639,38.6720905
"Vulpes macrotis",-113.7483608,38.5948899
"Vulpes macrotis",-110.7105014,38.3699142
"Vulpes macrotis",-109.020448,37.3199457
"Vulpes macrotis",-113.409908,37.041757
"Vulpes macrotis",-105.696971,31.81855
"Vulpes macrotis",-116.36,34.76
"Vulpes macrotis",-115.7441971,34.5577495
"Vulpes macrotis",-119.285515,38.664953
"Vulpes macrotis",-115.54107,35.669053
"Vulpes macrotis",-115.400183,33.71243
"Vulpes macrotis",-115.900992,33.873415
"Vulpes macrotis",-106.589022,31.329604
"Vulpes macrotis",-113.476448,31.543636
"Vulpes macrotis",-119.694294,35.616349
"Vulpes macrotis",-105.223679,35.5938922
"Vulpes macrotis",-110.1555547,34.8617965
"Vulpes macrotis",-117.5306,35.5178
"Vulpes macrotis",-120.89266,36.790798
"Vulpes macrotis",-116.25994,35.11683
"Vulpes macrotis",-120.77,35.72
"Vulpes macrotis",-119.3158,35.2741
"Vulpes macrotis",-117.312285,34.510403
"Vulpes macrotis",-114.67067,35.46528
"Vulpes macrotis",-117.64731,35.61825
"Vulpes macrotis",-118.242036,37.205421
"Vulpes macrotis",-116.544,33.83
"Vulpes macrotis",-116.517086,33.99364
"Vulpes macrotis",-120.47792,36.47645
"Vulpes macrotis",-117.8828968,38.1433591
"Vulpes macrotis",-105.1484,31.74484
"Vulpes macrotis",-112.379799,33.7048143
"Vulpes macrotis",-117.3000435,38.2010323
"Vulpes macrotis",-114.393254,34.4480814
"Vulpes macrotis",-117.2558011,38.0875749
"Vulpes macrotis",-117.7132323,34.4909179
"Vulpes macrotis",-103.661,30.40205
"Vulpes macrotis",-107.843515,38.507509
"Vulpes macrotis",-108.1388,37.2295
"Vulpes macrotis",-117.5678092,38.1365716
"Vulpes macrotis",-114.5759823,32.6842804
"Vulpes macrotis",-105.38142,31.85029
"Vulpes macrotis",-114.8797498,32.7239073
"Vulpes macrotis",-106.7265069,34.6217916
"Vulpes macrotis",-104.12769,30.19487
"Vulpes macrotis",-111.8901864,33.6022201
"Vulpes macrotis",-111.0952648,32.0780994
"Vulpes macrotis",-109.563158,38.724354
"Vulpes macrotis",-111.133347,38.064563
"Vulpes macrotis",-109.75124,38.507874
"Vulpes pallida",-15,15
"Vulpes velox",-101.831,35.222
"Vulpes velox",-103.442019,25.544729
"Vulpes velox",-104.75154,25.814011
"Vulpes velox",-103.524444,25.536111
"Vulpes velox",-104.742507,38.758323
"Vulpes velox",-104.516677,38.833324
"Vulpes velox",-104.260952,40.522937
"Vulpes velox",-102.719175,38.197723
"Vulpes velox",-106.550556,30.495278
"Vulpes velox",-106.435556,30.197778
"Vulpes velox",-102.067222,26.904722
"Vulpes velox",-103.524444,25.136111
"Vulpes velox",-104.743056,25.8325
"Vulpes velox",-101.184722,24.594722
"Vulpes velox",-107.029167,25.013333
"Vulpes velox",-101.417778,25.572778
"Vulpes velox",-106.8772,34.87925
"Vulpes velox",-104.4815,32.3723
"Vulpes velox",-106.758314,34.892364
"Vulpes velox",-104.4858,32.2028
"Vulpes velox",-104.354254,32.287553
"Vulpes velox",-106.607893,32.188316
"Vulpes velox",-105.023447,31.205281
"Vulpes velox",-110.866667,32.266667
"Vulpes velox",-101.33722,33.98444
"Vulpes velox",-101.828525,33.669052
"Vulpes velox",-101.30583,32.223827
"Vulpes velox",-101.819958,33.610144
"Vulpes velox",-101.69114,36.762058
"Vulpes velox",-101.996633,36.762316
"Vulpes velox",-103.088544,36.451655
"Vulpes velox",-105.382873,42.758236
"Vulpes velox",-104.7809149,25.9294232
"Vulpes velox",-103.2442465,29.4792922
"Vulpes velox",-105.699997,39.299999
"Vulpes velox",-104.9842,39.7392
"Vulpes velox",-104.8167,41.1333
"Vulpes velox",-106.5667,34.8061
"Vulpes velox",-104.464178,41.028545
"Vulpes velox",-105.59056,41.31139
"Vulpes velox",-103.555947,37.959661
"Vulpes velox",-104.66667,41.35
"Vulpes velox",-104.08333,39.14167
"Vulpes velox",-104.8966,41.2679
"Vulpes velox",-100.724029,36.529325
"Vulpes velox",-105.514,38.94021
"Vulpes velox",-103.743452,26.664442
"Vulpes velox",-101.25444,37.940559
"Vulpes velox",-108.508331,31.508553
"Vulpes velox",-103.431107,37.55611
"Vulpes velox",-101.315033,38.000225
"Vulpes velox",-101.558739,39.337219
"Vulpes velox",-101.709717,39.524777
"Vulpes velox",-101.665634,38.911366
"Vulpes velox",-101.553848,38.911385
"Vulpes velox",-102.019745,38.866657
"Vulpes velox",-101.274261,38.913292
"Vulpes velox",-101.318573,39.063305
"Vulpes velox",-101.354721,37.58139
"Vulpes velox",-104.017219,38.839977
"Vulpes velox",-101.427551,39.337166
"Vulpes velox",-101.96389,38.794186
"Vulpes velox",-99.76667,39.364697
"Vulpes velox",-100.205536,39.089939
"Vulpes velox",-104.609444,34.323109
"Vulpes velox",-99.289146,38.879166
"Vulpes velox",-108.319717,31.743898
"Vulpes velox",-101.502518,39.337215
"Vulpes velox",-101.672226,39.350822
"Vulpes velox",-101.899376,37.980469
"Vulpes velox",-101.006668,39.104439
"Vulpes velox",-112.583611,26.872222
"Vulpes velox",-112.508056,26.899722
"Vulpes velox",-100.71235,36.39969
"Vulpes velox",-112.798611,26.823056
"Vulpes velox",-108.421667,30.906667
"Vulpes velox",-108.46,30.856667
"Vulpes velox",-108.591667,30.836667
"Vulpes velox",-108.293333,30.678333
"Vulpes velox",-108.51,30.836667
"Vulpes velox",-108.38,30.735
"Vulpes velox",-108.45,30.826667
"Vulpes velox",-101.17477,38.91892
"Vulpes velox",-104.316925,40.737999
"Vulpes velox",-108.708664,32.350361
"Vulpes velox",-110.926445,32.221775
"Vulpes velox",-105.960258,32.899532
"Vulpes velox",-105.55615,38.9601
"Vulpes velox",-100.14979,39.03684
"Vulpes velox",-109.82422,47.23923
"Vulpes velox",-104.485078,40.856682
"Vulpes velox",-104.308232,38.796424
"Vulpes velox",-104.447341,40.739799
"Vulpes velox",-104.638868,40.813502
"Vulpes velox",-103.513182,37.832171
"Vulpes velox",-102.895223,37.37309
"Vulpes velox",-105.741219,41.135285
"Vulpes velox",-101.204824,39.2672
"Vulpes velox",-104.280794,38.374121
"Vulpes velox",-101.172747,38.814915
"Vulpes velox",-103.525224,37.869019
"Vulpes velox",-105.724096,41.535035
"Vulpes velox",-105.75193,43.973837
"Vulpes velox",-105.617516,41.070075
"Vulpes velox",-105.206247,41.046957
"Vulpes velox",-104.207177,40.965128
"Vulpes velox",-100.48144,39.046838
"Vulpes velox",-102.84969,37.622707
"Vulpes velox",-103.864211,40.709379
"Vulpes velox",-105.8609,41.206308
"Vulpes velox",-104.550808,38.763716
"Vulpes velox",-103.714403,37.805807
"Vulpes velox",-109.790205,46.524247
"Vulpes velox",-104.412483,38.497805
"Vulpes velox",-104.696441,40.831464
"Vulpes velox",-103.663492,41.091233
"Vulpes velox",-102.966952,38.084293
"Vulpes velox",-102.629691,37.667862
"Vulpes velox",-101.204098,39.134193
"Vulpes velox",-103.163552,35.928048
"Vulpes velox",-103.535245,34.043444
"Vulpes velox",-103.72261,38.341656
"Vulpes velox",-103.868042,39.795833
"Vulpes velox",-103.246837,34.250059
"Vulpes velox",-104.198823,40.871443
"Vulpes velox",-102.170577,38.984199
"Vulpes velox",-104.977069,40.868989
"Vulpes velox",-103.509036,37.72293
"Vulpes velox",-103.41902,38.936708
"Vulpes velox",-104.086784,40.656441
"Vulpes velox",-103.956471,34.794402
"Vulpes velox",-104.071709,41.066612
"Vulpes velox",-109.819213,46.561516
"Vulpes velox",-106.559728,44.132408
"Vulpes velox",-103.741595,39.041365
"Vulpes velox",-102.940329,38.065834
"Vulpes velox",-100.647045,38.252331
"Vulpes velox",-105.481372,44.072801
"Vulpes velox",-102.12885,37.7815
"Vulpes velox",-103.716575,33.394201
"Vulpes velox",-102.858402,38.310301
"Vulpes velox",-103.916159,42.963964
"Vulpes velox",-109.621517,46.542674
"Vulpes velox",-105.52797,41.090465
"Vulpes velox",-105.864694,41.272434
"Vulpes velox",-104.066969,36.029088
"Vulpes velox",-101.38689,47.330641
"Vulpes velox",-105.826094,41.708787
"Vulpes velox",-102.674615,37.795202
"Vulpes velox",-104.592967,38.717737
"Vulpes velox",-103.901628,36.106025
"Vulpes velox",-102.871888,36.817778
"Vulpes velox",-103.497039,42.946349
"Vulpes velox",-104.382695,42.008891
"Vulpes velox",-101.744046,37.539534
"Vulpes velox",-102.74609,37.00989
"Vulpes velox",-104.095812,40.635115
"Vulpes velox",-103.503864,37.222435
"Vulpes velox",-105.067432,40.974654
"Vulpes velox",-101.204973,39.235642
"Vulpes velox",-104.729384,40.698357
"Vulpes velox",-106.103181,42.221951
"Vulpes velox",-103.791618,42.414712
"Vulpes velox",-104.061361,36.39832
"Vulpes velox",-104.003281,40.752765
"Vulpes velox",-104.507748,40.687848
"Vulpes velox",-104.130872,40.999456
"Vulpes velox",-104.084948,38.281682
"Vulpes velox",-104.45974,38.581864
"Vulpes velox",-101.030157,38.540169
"Vulpes velox",-103.479084,38.945175
"Vulpes velox",-101.052968,39.589194
"Vulpes velox",-104.008467,41.162336
"Vulpes velox",-105.624688,41.231514
"Vulpes velox",-103.863409,40.848426
"Vulpes velox",-105.695657,41.180688
"Vulpes velox",-105.76863,41.317847
"Vulpes velox",-101.712007,39.686145
"Vulpes velox",-104.015518,38.464886
"Vulpes velox",-103.657991,38.791816
"Vulpes velox",-102.235398,36.808994
"Vulpes velox",-105.22859,34.596224
"Vulpes velox",-105.376377,43.36011
"Vulpes velox",-103.485546,32.90706
"Vulpes velox",-104.610014,38.565773
"Vulpes velox",-104.545217,40.79739
"Vulpes velox",-104.835971,37.665941
"Vulpes velox",-103.656492,37.905183
"Vulpes velox",-105.681027,41.552072
"Vulpes velox",-100.796492,38.568813
"Vulpes velox",-105.79024,41.570175
"Vulpes velox",-103.707239,36.448906
"Vulpes velox",-105.396569,41.139363
"Vulpes velox",-100.742232,38.910964
"Vulpes velox",-102.804952,36.80432
"Vulpes velox",-104.636574,40.857602
"Vulpes velox",-104.285247,40.85632
"Vulpes velox",-109.543216,46.483852
"Vulpes velox",-103.047983,38.521726
"Vulpes velox",-105.733978,37.606483
"Vulpes velox",-100.869726,39.354027
"Vulpes velox",-102.017975,37.827153
"Vulpes velox",-102.587043,38.997445
"Vulpes velox",-103.213611,35.745278
"Vulpes velox",-104.178889,36.106667
"Vulpes velox",-103.34538,36.79937
"Vulpes velox",-104.19586,35.92281
"Vulpes velox",-104.262778,36.139722
"Vulpes velox",-103.766667,33.045278
"Vulpes velox",-103.82789,36.30475
"Vulpes velox",-104.21726,36.01418
"Vulpes velox",-103.33684,34.66218
"Vulpes velox",-102.0189,38.95318
"Vulpes velox",-103.154842,34.453688
"Vulpes velox",-103.782079,38.325584
"Vulpes velox",-104.001117,34.3062
"Vulpes velox",-104.47233,36.579976
"Vulpes velox",-104.84196,33.31691
"Vulpes velox",-104.168889,36.239444
"Vulpes velox",-104.258083,36.230833
"Vulpes velox",-103.378303,34.221801
"Vulpes velox",-103.91889,35.77424
"Vulpes velox",-104.10667,35.94456
"Vulpes velox",-103.513965,38.988068
"Vulpes velox",-103.624167,33.083056
"Vulpes velox",-103.738056,32.928611
"Vulpes velox",-104.223611,36.260278
"Vulpes velox",-104.503751,33.32924
"Vulpes velox",-103.676944,33.0825
"Vulpes velox",-103.7425,36.300833
"Vulpes velox",-104.609444,34.439167
"Vulpes velox",-103.70427,33.03327
"Vulpes velox",-104.449997,32.366669
"Vulpes velox",-98.099998,40.200001
"Vulpes velox",-100.300003,37.200001
"Vulpes velox",-112.25,32.466667
"Vulpes velox",-104.783333,32.349998
"Vulpes velox",-100.916664,32.716667
"Vulpes velox",-100.5,36.799999
"Vulpes velox",-104.843903,39.824358
"Vulpes velox",-106.39833,32.436373
"Vulpes velox",-101.48083,31.457464
"Vulpes velox",-105.475931,31.174519
"Vulpes velox",-106.195827,32.747031
"Vulpes velox",-103.52778,29.338347
"Vulpes velox",-104.406916,29.529893
"Vulpes velox",-101.75806,34.564743
"Vulpes velox",-101.443,35.827
"Vulpes velox",-103.358729,39.045755
"Vulpes velox",-104.044662,40.743069
"Vulpes velox",-103.84084,34.226932
"Vulpes velox",-102.470303,39.008134
"Vulpes velox",-102.037,35.863
"Vulpes velox",-100.4465216,37.1701924
"Vulpes velox",-103.731861,39.790664
"Vulpes velox",-104.585564,39.637997
"Vulpes velox",-104.508579,40.073163
"Vulpes velox",-102.873871,39.263962
"Vulpes velox",-102.5394669,38.8157643
"Vulpes velox",-101.9007601,37.120497
"Vulpes velox",-101.58492,36.265
"Vulpes velox",-100.7513257,36.5507543
"Vulpes velox",-103.3483693,32.8859351
"Vulpes velox",-100.8199274,36.5374043
"Vulpes velox",-101.5858667,39.1751696
"Vulpes velox",-101.5746654,39.0490718
"Vulpes velox",-101.46198,36.05217
"Vulpes velox",-102.02252,36.33513
"Vulpes velox",-101.3571,36.35069
"Vulpes velox",-104.5700551,41.1287049
"Vulpes velox",-101.3004209,38.0855705
"Vulpes velox",-101.5373358,39.2295289
"Vulpes velox",-101.5009629,36.7503007
"Vulpes velox",-100.8072344,37.6201817
"Vulpes velox",-101.4873637,39.1280508
"Vulpes velox",-104.6628093,41.3043721
"Vulpes velox",-100.79369,36.44923
"Vulpes velox",-101.5513355,39.1425503
"Vulpes velox",-101.3925728,39.3507475
"Vulpes velox",-103.469945,39.1361
"Vulpes velox",-103.74575,40.610448
"Vulpes velox",-102.604998,39.313352
"Vulpes velox",-104.04389,39.615
"Vulpes velox",-102.795413,38.762716
"Vulpes velox",-102.62075,38.087231
"Vulpes velox",-103.344469,39.858117
"Vulpes velox",-103.17966,39.709806
"Vulpes velox",-102.624141,39.155403
"Vulpes velox",-103.08009,37.278714
"Vulpes velox",-103.675935,39.740799
"Vulpes velox",-98.7607818,38.0590817
"Vulpes velox",-100.546629,37.8621781
"Vulpes velox",-101.1486528,38.918056
"Vulpes velox",-104.617258,41.2936025
"Vulpes velox",-101.4346631,39.2440291
"Vulpes velox",-104.9445226,34.7538173
"Vulpes velox",-102.97063,34.5137
"Vulpes velox",-102.39623,34.91661
"Vulpes velox",-101.5327683,39.5768031
"Vulpes velox",-101.3539437,38.2766967
